{
  "project_info": {
    "project_number": "1060774817563",
    "project_id": "myweatherapp-74123",
    "storage_bucket": "myweatherapp-74123.appspot.com"
  },
  "client": [
    {
      "client_info": {
        "mobilesdk_app_id": "1:1060774817563:android:93efa3ba0e779d94efedbe",
        "android_client_info": {
          "package_name": "com.mycompany.loginsystem"
        }
      },
      "oauth_client": [
        {
          "client_id": "1060774817563-m5h5htbsf8enaoc5dlfrlt6vvdv31esl.apps.googleusercontent.com",
          "client_type": 1,
          "android_info": {
            "package_name": "com.mycompany.loginsystem",
            "certificate_hash": "9bbb3186b2189ef16d8f272bdab59362c395cbb4"
          }
        },
        {
          "client_id": "1060774817563-k7rho32eh436bap4sv0kr771dron3r30.apps.googleusercontent.com",
          "client_type": 3
        }
      ],
      "api_key": [
        {
          "current_key": "AIzaSyBoskg0WnxBpgE25M4RnQ1esivcKn6fjH0"
        }
      ],
      "services": {
        "appinvite_service": {
          "other_platform_oauth_client": [
            {
              "client_id": "1060774817563-k7rho32eh436bap4sv0kr771dron3r30.apps.googleusercontent.com",
              "client_type": 3
            },
            {
              "client_id": "1060774817563-pueme1d0u0h4u8l44s5lre2sp8s3m82f.apps.googleusercontent.com",
              "client_type": 2,
              "ios_info": {
                "bundle_id": "com.mycompany.loginsystem"
              }
            }
          ]
        }
      }
    }
  ],
  "configuration_version": "1"
}